[
{
    "model": "myapp.customuser",
    "pk": 4,
    "fields": {
        "password": "pbkdf2_sha256$390000$AnqAIYuYYP5L2myyNwvkZR$JJDISHUXZNJ5eaQ+fahBxVpX9hEg/y1SeYFYeaizVKQ=",
        "last_login": "2022-12-01T19:34:26.014Z",
        "is_superuser": true,
        "username": "admin",
        "first_name": "",
        "last_name": "",
        "email": "test@test.com",
        "is_staff": true,
        "is_active": true,
        "date_joined": "2022-11-28T19:04:16Z",
        "biotext": "this is the admin account",
        "role": null,
        "location": null,
        "groups": [],
        "user_permissions": [],
        "skills": []
    }
},
{
    "model": "myapp.customuser",
    "pk": 6,
    "fields": {
        "password": "pbkdf2_sha256$390000$S3bpHXtJqVUHTaMtqxzemM$VC1zQ+gBi2qVC0r/naU5nzpGlOHHjCy2HzNZMauF8fI=",
        "last_login": null,
        "is_superuser": true,
        "username": "uhhhfgrdfgsws3",
        "first_name": "uhhhhh",
        "last_name": "h",
        "email": "someguy@email.com",
        "is_staff": true,
        "is_active": true,
        "date_joined": "2022-11-28T21:14:18.678Z",
        "biotext": null,
        "role": null,
        "location": null,
        "groups": [],
        "user_permissions": [],
        "skills": []
    }
},
{
    "model": "myapp.customuser",
    "pk": 7,
    "fields": {
        "password": "uhhhhhhh",
        "last_login": null,
        "is_superuser": false,
        "username": "newUser",
        "first_name": "yeah",
        "last_name": "djkefnjksnj",
        "email": "aaa@scream.com",
        "is_staff": false,
        "is_active": true,
        "date_joined": "2022-11-29T16:01:43.517Z",
        "biotext": "a user to test through tables",
        "role": null,
        "location": null,
        "groups": [],
        "user_permissions": [],
        "skills": []
    }
},
{
    "model": "myapp.customuser",
    "pk": 8,
    "fields": {
        "password": "bark",
        "last_login": null,
        "is_superuser": false,
        "username": "dog",
        "first_name": "dogdog",
        "last_name": "the dog",
        "email": "afsdfse@a.com",
        "is_staff": false,
        "is_active": true,
        "date_joined": "2022-11-29T16:20:21.119Z",
        "biotext": "some dog that showed up here one day",
        "role": null,
        "location": null,
        "groups": [],
        "user_permissions": [],
        "skills": []
    }
},
{
    "model": "myapp.customuser",
    "pk": 9,
    "fields": {
        "password": "bzzzzzz",
        "last_login": null,
        "is_superuser": false,
        "username": "600bees",
        "first_name": "bee",
        "last_name": "bee",
        "email": "fdsgrdgfd@efnjkse.com",
        "is_staff": false,
        "is_active": true,
        "date_joined": "2022-11-29T20:02:57.553Z",
        "biotext": "bZZZZZZZZZzzzZZ",
        "role": null,
        "location": null,
        "groups": [],
        "user_permissions": [],
        "skills": []
    }
},
{
    "model": "myapp.customuser",
    "pk": 10,
    "fields": {
        "password": "pbkdf2_sha256$390000$A3LRlSPiVLe4YMeyWtpTIo$bp8dIaYJdbiBhfU74o2VWkFIRzNXTNho+ORU1hfWpHY=",
        "last_login": null,
        "is_superuser": false,
        "username": "Test",
        "first_name": "Test",
        "last_name": "User",
        "email": "testuser@uhhhh.com",
        "is_staff": false,
        "is_active": true,
        "date_joined": "2022-12-01T16:35:49.160Z",
        "biotext": "a test user",
        "role": null,
        "location": null,
        "groups": [],
        "user_permissions": [],
        "skills": []
    }
},
{
    "model": "myapp.customuser",
    "pk": 11,
    "fields": {
        "password": "pbkdf2_sha256$390000$m4CHlUJFRRIViqe9QXHs3p$6aE676voQgZVynlvEDt7tChAPOepTSxthWtdL18xFGM=",
        "last_login": null,
        "is_superuser": false,
        "username": "Test2",
        "first_name": "Test2",
        "last_name": "User",
        "email": "testuser@uhhhh.com",
        "is_staff": false,
        "is_active": true,
        "date_joined": "2022-12-01T16:37:06.803Z",
        "biotext": "a test user",
        "role": null,
        "location": null,
        "groups": [],
        "user_permissions": [],
        "skills": []
    }
},
{
    "model": "myapp.customuser",
    "pk": 12,
    "fields": {
        "password": "fnjkdgnjks",
        "last_login": null,
        "is_superuser": false,
        "username": "Testdfgdgfh",
        "first_name": "Test2",
        "last_name": "User",
        "email": "testuser@uhhhh.com",
        "is_staff": false,
        "is_active": true,
        "date_joined": "2022-12-01T17:18:21.225Z",
        "biotext": "a test user",
        "role": null,
        "location": null,
        "groups": [],
        "user_permissions": [],
        "skills": [
            4
        ]
    }
},
{
    "model": "myapp.customuser",
    "pk": 13,
    "fields": {
        "password": "pbkdf2_sha256$390000$cOYi71Nj93ckJAk20KkUo6$RC4OPXucMLURRLb4JKZfVa9aanLtBH3aTKRr0yP1aeo=",
        "last_login": null,
        "is_superuser": false,
        "username": "test999",
        "first_name": "Test999",
        "last_name": "User",
        "email": "tdfgvher@uhhhh.com",
        "is_staff": false,
        "is_active": true,
        "date_joined": "2022-12-01T17:25:25.013Z",
        "biotext": "a test user",
        "role": null,
        "location": null,
        "groups": [],
        "user_permissions": [],
        "skills": [
            6
        ]
    }
},
{
    "model": "myapp.customuser",
    "pk": 14,
    "fields": {
        "password": "pbkdf2_sha256$390000$J4d10EnJObfFMYXF3nPEnh$1y037ZoaoUsZkP5b8wJqqnAONfVgL2X6tiGF3IvckkM=",
        "last_login": null,
        "is_superuser": false,
        "username": "eeeeee",
        "first_name": "e",
        "last_name": "eeeee",
        "email": "tlououdfse@beef.com",
        "is_staff": false,
        "is_active": true,
        "date_joined": "2022-12-01T18:42:16.165Z",
        "biotext": "eeeeer",
        "role": null,
        "location": 1,
        "groups": [],
        "user_permissions": [],
        "skills": [
            6
        ]
    }
},
{
    "model": "myapp.customuser",
    "pk": 15,
    "fields": {
        "password": "pbkdf2_sha256$390000$vzEoklH88kLHhI8nLbX7Rj$2tLU24NZTr5hqKM72CdnFH8Cb8hlhLbVb/q6DHso41w=",
        "last_login": null,
        "is_superuser": false,
        "username": "NineHundredBees",
        "first_name": "bee",
        "last_name": "bee",
        "email": "themostbees@hive.com",
        "is_staff": false,
        "is_active": true,
        "date_joined": "2022-12-01T19:49:55.942Z",
        "biotext": "bzzzzzzzz",
        "role": null,
        "location": 3,
        "groups": [],
        "user_permissions": [],
        "skills": [
            3,
            5
        ]
    }
},
{
    "model": "myapp.customuser",
    "pk": 16,
    "fields": {
        "password": "pbkdf2_sha256$390000$fsMSlplIui9UEzY09YJ6qd$8OFnbjT1qBBtA6YkD1oSSN8Q4qKFctb6xraSdBLg8UY=",
        "last_login": null,
        "is_superuser": false,
        "username": "CabbageCartGuy",
        "first_name": "Cabbage",
        "last_name": "Man",
        "email": "cabbage@cabbage.com",
        "is_staff": false,
        "is_active": true,
        "date_joined": "2022-12-01T20:03:58.995Z",
        "biotext": "MY CABBAGES",
        "role": null,
        "location": 2,
        "groups": [],
        "user_permissions": [],
        "skills": [
            3
        ]
    }
},
{
    "model": "myapp.customuser",
    "pk": 17,
    "fields": {
        "password": "pbkdf2_sha256$390000$WDX39hqbVGOpVU0Ht9Wiuy$28WsAdZsFindcQuVuNjlL8YijkkQofAUHmhmrCOxo5s=",
        "last_login": null,
        "is_superuser": false,
        "username": "asdf",
        "first_name": "Testtesttest",
        "last_name": "aaaaa",
        "email": "WDEFSGRDH@grdgdr.com",
        "is_staff": false,
        "is_active": true,
        "date_joined": "2022-12-01T20:05:53.088Z",
        "biotext": "aaaaaaa",
        "role": null,
        "location": 2,
        "groups": [],
        "user_permissions": [],
        "skills": [
            3
        ]
    }
},
{
    "model": "myapp.customuser",
    "pk": 18,
    "fields": {
        "password": "pbkdf2_sha256$390000$XWi6G186x68gaYfvcNxOnQ$Vc3gieD27615yZJL1HF8Sg2l7ZZ0+vd2mmXovcfQB8w=",
        "last_login": null,
        "is_superuser": false,
        "username": "fsefsefs",
        "first_name": "Testtesttest",
        "last_name": "aaaaa",
        "email": "WDEfsedsfeH@grdgdr.com",
        "is_staff": false,
        "is_active": true,
        "date_joined": "2022-12-01T20:07:52.714Z",
        "biotext": "aaaaaaa",
        "role": 9,
        "location": 2,
        "groups": [],
        "user_permissions": [],
        "skills": [
            3
        ]
    }
},
{
    "model": "myapp.customuser",
    "pk": 19,
    "fields": {
        "password": "pbkdf2_sha256$390000$DBINr8uNPfzM2l2nkaKejv$ZQk+hSPgnPtK/h5FfIIXjxF8v+stddrT6YggIQKDPY8=",
        "last_login": null,
        "is_superuser": false,
        "username": "weweweweweeewew",
        "first_name": "wewewwttest",
        "last_name": "aaawwwaa",
        "email": "WDEfsedsfeH@grdgdr.com",
        "is_staff": false,
        "is_active": true,
        "date_joined": "2022-12-01T20:11:42.962Z",
        "biotext": "aaaaawwwaa",
        "role": 10,
        "location": 2,
        "groups": [],
        "user_permissions": [],
        "skills": [
            7
        ]
    }
},
{
    "model": "myapp.customuser",
    "pk": 20,
    "fields": {
        "password": "pbkdf2_sha256$390000$MCjdw215mZEdzXb9DS2wYZ$s3uVM4Wnd2cx9kvLhHt2EwA22T1XR7ZUDbuhfbf0TkI=",
        "last_login": null,
        "is_superuser": false,
        "username": "e",
        "first_name": "wewewwttest",
        "last_name": "aaawwwaa",
        "email": "WDEfsedsfeH@grdgdr.com",
        "is_staff": false,
        "is_active": true,
        "date_joined": "2022-12-01T20:14:17.792Z",
        "biotext": "aaaaawwwaa",
        "role": 10,
        "location": 2,
        "groups": [],
        "user_permissions": [],
        "skills": [
            7
        ]
    }
},
{
    "model": "myapp.customuser",
    "pk": 21,
    "fields": {
        "password": "testuserlogin",
        "last_login": null,
        "is_superuser": false,
        "username": "testuserlogin",
        "first_name": "test",
        "last_name": "test",
        "email": "testuser@testuser.com",
        "is_staff": false,
        "is_active": true,
        "date_joined": "2022-12-06T14:00:19Z",
        "biotext": "this is a test of the user login",
        "role": 8,
        "location": 1,
        "groups": [],
        "user_permissions": [],
        "skills": [
            2
        ]
    }
},
{
    "model": "myapp.customuser",
    "pk": 22,
    "fields": {
        "password": "pbkdf2_sha256$390000$usgV2sv4UVfO3jS3a4ZB9m$tSAfN9BKktI+g0eixb9R4Qs8FwWc21+tSgOYN3s1xsQ=",
        "last_login": null,
        "is_superuser": true,
        "username": "admin2",
        "first_name": "",
        "last_name": "",
        "email": "admin2@whatever.com",
        "is_staff": true,
        "is_active": true,
        "date_joined": "2022-12-06T14:56:06.682Z",
        "biotext": "this is the admin account used for testing",
        "role": null,
        "location": 2,
        "groups": [],
        "user_permissions": [],
        "skills": []
    }
},
{
    "model": "myapp.customuser",
    "pk": 23,
    "fields": {
        "password": "pbkdf2_sha256$390000$4x5RXJk6meivFnobc1ftnJ$h2M8sjtsTcBdnl/T3KIYbd4jiZ9baM3tPZXUsEymd4c=",
        "last_login": null,
        "is_superuser": false,
        "username": "uhhh",
        "first_name": "wafwa",
        "last_name": "fawe",
        "email": "asdvfb@rmail.com",
        "is_staff": false,
        "is_active": true,
        "date_joined": "2022-12-06T21:27:11.919Z",
        "biotext": null,
        "role": null,
        "location": null,
        "groups": [],
        "user_permissions": [],
        "skills": []
    }
},
{
    "model": "myapp.customuser",
    "pk": 24,
    "fields": {
        "password": "pbkdf2_sha256$390000$cVdLACuLYCkPQyIlTk53Qu$pXsJZNIv88pAIdwZjmKbDzpXDdt2xJ4O11sXbwrF8ro=",
        "last_login": null,
        "is_superuser": false,
        "username": "test1000",
        "first_name": "fwfwf",
        "last_name": "fesfe",
        "email": "fwfww@efs.com",
        "is_staff": false,
        "is_active": true,
        "date_joined": "2022-12-06T21:31:10.200Z",
        "biotext": null,
        "role": null,
        "location": null,
        "groups": [],
        "user_permissions": [],
        "skills": []
    }
},
{
    "model": "myapp.customuser",
    "pk": 25,
    "fields": {
        "password": "pbkdf2_sha256$390000$ZNEDaQDImpVwBjMmNopyxh$8CLAvkMFi8RECZQA0E6eJFMYmaw67N9iAxB0OWWu76E=",
        "last_login": null,
        "is_superuser": false,
        "username": "pleasework",
        "first_name": "fawfnsme",
        "last_name": "fmekslfes",
        "email": "fbjhwfnjesk@efak.com",
        "is_staff": false,
        "is_active": true,
        "date_joined": "2022-12-06T21:34:52.331Z",
        "biotext": null,
        "role": null,
        "location": null,
        "groups": [],
        "user_permissions": [],
        "skills": []
    }
},
{
    "model": "myapp.customuser",
    "pk": 26,
    "fields": {
        "password": "pbkdf2_sha256$390000$f9XBcyPgi9llx8MKF7AmNG$ux65pRYvE0oHsZezB/lnhKVe9zqZXgugoVPaDBsGQpA=",
        "last_login": null,
        "is_superuser": false,
        "username": "uhhhh3",
        "first_name": "defw",
        "last_name": "esffesfs",
        "email": "wdfggf@fmnek.com",
        "is_staff": false,
        "is_active": true,
        "date_joined": "2022-12-06T21:36:53.587Z",
        "biotext": "nfejfnjel",
        "role": null,
        "location": null,
        "groups": [],
        "user_permissions": [],
        "skills": []
    }
},
{
    "model": "myapp.customuser",
    "pk": 27,
    "fields": {
        "password": "pbkdf2_sha256$390000$fpOHevGXGr2xTXVxVFW1TK$EiQ3r2OonZC6PRa5IqH0N3EwZAKB5dWLAYyUvDBBAO0=",
        "last_login": null,
        "is_superuser": false,
        "username": "dfesf",
        "first_name": "fef",
        "last_name": "fesf",
        "email": "dsvc@email.com",
        "is_staff": false,
        "is_active": true,
        "date_joined": "2022-12-06T22:08:00.449Z",
        "biotext": "fefesf",
        "role": null,
        "location": null,
        "groups": [],
        "user_permissions": [],
        "skills": []
    }
},
{
    "model": "myapp.customuser",
    "pk": 28,
    "fields": {
        "password": "pbkdf2_sha256$390000$Clai3p3lmM8zi8gHRzuOVE$+iIoTs9Er2v2R1+i1i55YXB1xr66ZKutWX9gM5XBZaY=",
        "last_login": "2022-12-09T13:49:16.458Z",
        "is_superuser": true,
        "username": "admin3",
        "first_name": "",
        "last_name": "",
        "email": "admin3@email.com",
        "is_staff": true,
        "is_active": true,
        "date_joined": "2022-12-09T13:48:48.860Z",
        "biotext": null,
        "role": null,
        "location": null,
        "groups": [],
        "user_permissions": [],
        "skills": []
    }
},
{
    "model": "myapp.customuser",
    "pk": 29,
    "fields": {
        "password": "pbkdf2_sha256$390000$Z6LSj1zZ2MQtWAKJEJzuLp$ss5Tfv87XY/uUsbv3UX1dJdZORRril3pnfiLQoNDOrQ=",
        "last_login": null,
        "is_superuser": false,
        "username": "test123",
        "first_name": "test",
        "last_name": "user23456y6",
        "email": "testemail1234567@email.com",
        "is_staff": false,
        "is_active": true,
        "date_joined": "2022-12-12T16:20:34.646Z",
        "biotext": "this is a test user to see if other users' posts and profiles are viewable",
        "role": null,
        "location": null,
        "groups": [],
        "user_permissions": [],
        "skills": []
    }
},
{
    "model": "myapp.skill",
    "pk": 2,
    "fields": {
        "skill": "Photography"
    }
},
{
    "model": "myapp.skill",
    "pk": 3,
    "fields": {
        "skill": "Farming"
    }
},
{
    "model": "myapp.skill",
    "pk": 4,
    "fields": {
        "skill": "Gardening"
    }
},
{
    "model": "myapp.skill",
    "pk": 5,
    "fields": {
        "skill": "Flower Arranging"
    }
},
{
    "model": "myapp.skill",
    "pk": 6,
    "fields": {
        "skill": "Cooking"
    }
},
{
    "model": "myapp.skill",
    "pk": 7,
    "fields": {
        "skill": "Baking"
    }
},
{
    "model": "myapp.skill",
    "pk": 8,
    "fields": {
        "skill": "Mixology"
    }
},
{
    "model": "myapp.skill",
    "pk": 9,
    "fields": {
        "skill": "Beekeeping"
    }
},
{
    "model": "myapp.skill",
    "pk": 10,
    "fields": {
        "skill": "Knitting"
    }
},
{
    "model": "myapp.skill",
    "pk": 11,
    "fields": {
        "skill": "Crochet"
    }
},
{
    "model": "myapp.skill",
    "pk": 12,
    "fields": {
        "skill": "Sewing"
    }
},
{
    "model": "myapp.skill",
    "pk": 13,
    "fields": {
        "skill": "Fishing"
    }
},
{
    "model": "myapp.skill",
    "pk": 14,
    "fields": {
        "skill": "Hunting"
    }
},
{
    "model": "myapp.skill",
    "pk": 15,
    "fields": {
        "skill": "French"
    }
},
{
    "model": "myapp.skill",
    "pk": 16,
    "fields": {
        "skill": "Spanish"
    }
},
{
    "model": "myapp.skill",
    "pk": 17,
    "fields": {
        "skill": "Japanese"
    }
},
{
    "model": "myapp.skill",
    "pk": 18,
    "fields": {
        "skill": "Piano"
    }
},
{
    "model": "myapp.skill",
    "pk": 19,
    "fields": {
        "skill": "Programming"
    }
},
{
    "model": "myapp.skill",
    "pk": 20,
    "fields": {
        "skill": "Writing"
    }
},
{
    "model": "myapp.skill",
    "pk": 21,
    "fields": {
        "skill": "Filmmaking"
    }
},
{
    "model": "myapp.skill",
    "pk": 22,
    "fields": {
        "skill": "Drawing"
    }
},
{
    "model": "myapp.skill",
    "pk": 23,
    "fields": {
        "skill": "Tattooing"
    }
},
{
    "model": "myapp.skill",
    "pk": 24,
    "fields": {
        "skill": "Hairstyling"
    }
},
{
    "model": "myapp.skill",
    "pk": 25,
    "fields": {
        "skill": "Guitar"
    }
},
{
    "model": "myapp.skill",
    "pk": 26,
    "fields": {
        "skill": "Singing"
    }
},
{
    "model": "myapp.skill",
    "pk": 27,
    "fields": {
        "skill": "Carpentry"
    }
},
{
    "model": "myapp.skill",
    "pk": 28,
    "fields": {
        "skill": "Woodworking"
    }
},
{
    "model": "myapp.skill",
    "pk": 29,
    "fields": {
        "skill": "Sculpting"
    }
},
{
    "model": "myapp.skill",
    "pk": 30,
    "fields": {
        "skill": "Digital Art"
    }
},
{
    "model": "myapp.skill",
    "pk": 31,
    "fields": {
        "skill": "First Aid"
    }
},
{
    "model": "myapp.skill",
    "pk": 32,
    "fields": {
        "skill": "Babysitting"
    }
},
{
    "model": "myapp.skill",
    "pk": 33,
    "fields": {
        "skill": "Childcare"
    }
},
{
    "model": "myapp.skill",
    "pk": 34,
    "fields": {
        "skill": "Dog Training"
    }
},
{
    "model": "myapp.skill",
    "pk": 35,
    "fields": {
        "skill": "Yoga"
    }
},
{
    "model": "myapp.role",
    "pk": 8,
    "fields": {
        "role_tag": "User"
    }
},
{
    "model": "myapp.role",
    "pk": 9,
    "fields": {
        "role_tag": "Maker"
    }
},
{
    "model": "myapp.role",
    "pk": 10,
    "fields": {
        "role_tag": "Fixer"
    }
},
{
    "model": "myapp.role",
    "pk": 11,
    "fields": {
        "role_tag": "Teacher"
    }
},
{
    "model": "myapp.role",
    "pk": 12,
    "fields": {
        "role_tag": "Helper"
    }
},
{
    "model": "myapp.location",
    "pk": 1,
    "fields": {
        "location": "Lexington"
    }
},
{
    "model": "myapp.location",
    "pk": 2,
    "fields": {
        "location": "Georgetown"
    }
},
{
    "model": "myapp.location",
    "pk": 3,
    "fields": {
        "location": "Versailles"
    }
},
{
    "model": "myapp.location",
    "pk": 4,
    "fields": {
        "location": "Nicholasville"
    }
},
{
    "model": "myapp.location",
    "pk": 5,
    "fields": {
        "location": "Richmond"
    }
},
{
    "model": "myapp.location",
    "pk": 6,
    "fields": {
        "location": "Winchester"
    }
},
{
    "model": "myapp.location",
    "pk": 7,
    "fields": {
        "location": "Louisville"
    }
},
{
    "model": "myapp.location",
    "pk": 8,
    "fields": {
        "location": "Bowling Green"
    }
},
{
    "model": "myapp.location",
    "pk": 9,
    "fields": {
        "location": "Owensboro"
    }
},
{
    "model": "myapp.location",
    "pk": 10,
    "fields": {
        "location": "Covington"
    }
},
{
    "model": "myapp.location",
    "pk": 11,
    "fields": {
        "location": "Elizabethtown"
    }
},
{
    "model": "myapp.location",
    "pk": 12,
    "fields": {
        "location": "Frankfort"
    }
},
{
    "model": "myapp.exchange",
    "pk": 1,
    "fields": {
        "exchange_tag": null
    }
},
{
    "model": "myapp.exchange",
    "pk": 2,
    "fields": {
        "exchange_tag": "Trade"
    }
},
{
    "model": "myapp.exchange",
    "pk": 3,
    "fields": {
        "exchange_tag": "Gig"
    }
},
{
    "model": "myapp.exchange",
    "pk": 4,
    "fields": {
        "exchange_tag": "Favor"
    }
},
{
    "model": "myapp.post",
    "pk": 1,
    "fields": {
        "slug": "",
        "author": 22,
        "content": "this is a test post",
        "created_on": "2022-12-07T20:37:33.645Z",
        "updated_on": "2022-12-07T20:37:33.645Z",
        "exTag": null
    }
},
{
    "model": "myapp.post",
    "pk": 2,
    "fields": {
        "slug": "",
        "author": 22,
        "content": "this is a test post",
        "created_on": "2022-12-07T20:40:55.584Z",
        "updated_on": "2022-12-07T20:40:55.584Z",
        "exTag": null
    }
},
{
    "model": "myapp.post",
    "pk": 3,
    "fields": {
        "slug": "",
        "author": 22,
        "content": "testing to see if this adds an exchange tag",
        "created_on": "2022-12-07T20:41:01.764Z",
        "updated_on": "2022-12-08T20:07:46.664Z",
        "exTag": 2
    }
},
{
    "model": "myapp.post",
    "pk": 5,
    "fields": {
        "slug": "",
        "author": 22,
        "content": "dsfgn",
        "created_on": "2022-12-10T15:59:57.758Z",
        "updated_on": "2022-12-10T15:59:57.758Z",
        "exTag": null
    }
},
{
    "model": "myapp.post",
    "pk": 6,
    "fields": {
        "slug": "",
        "author": 22,
        "content": "dsfgn",
        "created_on": "2022-12-10T16:00:02.058Z",
        "updated_on": "2022-12-10T16:00:02.058Z",
        "exTag": null
    }
},
{
    "model": "myapp.post",
    "pk": 7,
    "fields": {
        "slug": "",
        "author": 22,
        "content": "dsfgn",
        "created_on": "2022-12-10T16:00:03.820Z",
        "updated_on": "2022-12-10T16:00:03.820Z",
        "exTag": null
    }
},
{
    "model": "myapp.post",
    "pk": 8,
    "fields": {
        "slug": "",
        "author": 22,
        "content": "sdfghj",
        "created_on": "2022-12-10T16:51:41.636Z",
        "updated_on": "2022-12-10T16:51:41.636Z",
        "exTag": null
    }
},
{
    "model": "myapp.post",
    "pk": 9,
    "fields": {
        "slug": "",
        "author": 22,
        "content": "sdfghj",
        "created_on": "2022-12-10T16:51:44.181Z",
        "updated_on": "2022-12-10T16:51:44.181Z",
        "exTag": null
    }
},
{
    "model": "myapp.post",
    "pk": 10,
    "fields": {
        "slug": "",
        "author": 22,
        "content": "ghjgk",
        "created_on": "2022-12-10T16:56:03.573Z",
        "updated_on": "2022-12-10T16:56:03.573Z",
        "exTag": null
    }
},
{
    "model": "myapp.post",
    "pk": 11,
    "fields": {
        "slug": "",
        "author": 22,
        "content": "ghjgk",
        "created_on": "2022-12-10T16:56:05.730Z",
        "updated_on": "2022-12-10T16:56:05.730Z",
        "exTag": null
    }
},
{
    "model": "myapp.post",
    "pk": 12,
    "fields": {
        "slug": "",
        "author": 22,
        "content": "tester",
        "created_on": "2022-12-10T16:59:22.474Z",
        "updated_on": "2022-12-10T16:59:22.474Z",
        "exTag": null
    }
},
{
    "model": "myapp.post",
    "pk": 13,
    "fields": {
        "slug": "",
        "author": 22,
        "content": "testerbhnjkm",
        "created_on": "2022-12-10T17:00:19.382Z",
        "updated_on": "2022-12-10T17:00:19.382Z",
        "exTag": null
    }
},
{
    "model": "myapp.post",
    "pk": 14,
    "fields": {
        "slug": "",
        "author": 22,
        "content": "poiuyftdrfghjkl",
        "created_on": "2022-12-10T17:05:10.620Z",
        "updated_on": "2022-12-10T17:05:10.620Z",
        "exTag": null
    }
},
{
    "model": "myapp.post",
    "pk": 15,
    "fields": {
        "slug": "",
        "author": 22,
        "content": "dfgh",
        "created_on": "2022-12-10T17:32:28.430Z",
        "updated_on": "2022-12-10T17:32:28.430Z",
        "exTag": null
    }
},
{
    "model": "myapp.post",
    "pk": 16,
    "fields": {
        "slug": "",
        "author": 22,
        "content": "testing",
        "created_on": "2022-12-11T15:56:34.788Z",
        "updated_on": "2022-12-11T15:56:34.788Z",
        "exTag": null
    }
},
{
    "model": "myapp.post",
    "pk": 17,
    "fields": {
        "slug": "",
        "author": 22,
        "content": "asredtfyguhkilgytrde67890",
        "created_on": "2022-12-11T17:58:20.468Z",
        "updated_on": "2022-12-11T17:58:20.468Z",
        "exTag": null
    }
},
{
    "model": "myapp.post",
    "pk": 18,
    "fields": {
        "slug": "",
        "author": 22,
        "content": "sadfgh",
        "created_on": "2022-12-11T18:24:26.513Z",
        "updated_on": "2022-12-11T18:24:26.513Z",
        "exTag": null
    }
},
{
    "model": "myapp.post",
    "pk": 19,
    "fields": {
        "slug": "",
        "author": 22,
        "content": "sadfghj",
        "created_on": "2022-12-11T19:16:19.574Z",
        "updated_on": "2022-12-11T19:16:19.574Z",
        "exTag": null
    }
},
{
    "model": "myapp.post",
    "pk": 20,
    "fields": {
        "slug": "",
        "author": 22,
        "content": "dfdghjkl",
        "created_on": "2022-12-11T19:26:34.814Z",
        "updated_on": "2022-12-11T19:26:34.814Z",
        "exTag": null
    }
},
{
    "model": "myapp.post",
    "pk": 21,
    "fields": {
        "slug": "",
        "author": 22,
        "content": "test",
        "created_on": "2022-12-12T13:29:50.423Z",
        "updated_on": "2022-12-12T13:29:50.423Z",
        "exTag": null
    }
},
{
    "model": "myapp.post",
    "pk": 22,
    "fields": {
        "slug": "",
        "author": 22,
        "content": "hello",
        "created_on": "2022-12-12T13:33:38.553Z",
        "updated_on": "2022-12-12T13:33:38.553Z",
        "exTag": 2
    }
},
{
    "model": "myapp.post",
    "pk": 23,
    "fields": {
        "slug": "",
        "author": 29,
        "content": "this is a test post",
        "created_on": "2022-12-12T16:22:32.023Z",
        "updated_on": "2022-12-12T16:22:32.023Z",
        "exTag": 3
    }
},
{
    "model": "myapp.comment",
    "pk": 2,
    "fields": {
        "author": 22,
        "post": 3,
        "content": "testing a PUT request",
        "created_at": "2022-12-08"
    }
}
]
